<?xml version="1.0" encoding="UTF-8"?>
<!DOCTYPE hibernate-configuration SYSTEM
     "classpath://org/hibernate/hibernate-configuration-3.0.dtd">
     
<hibernate-configuration>
<session-factory>
<property name="connection.driver_class">com.mysql.jdbc.Driver</property>
<property name="connection.url">jdbc:mysql://localhost:3306/onlinetest</property>
<property name="connection.username">root</property>
<property name="connection.password">nita</property>
<property name="connection.pool.size">1</property>
<property name="dialect">org.hibernate.dialect.MySQL5Dialect</property>
<property name="cache.provider_class">org.hibernate.cache.NoCacheProvider</property>
<property name="show_sql">true</property>
<property name="hbm2ddl.auto">update</property>
<mapping class="com.sgbit.OnlineTest.model.Questions"/>
<mapping class="com.sgbit.OnlineTest.model.User"/>
</session-factory>
</hibernate-configuration>